mutant,CRIPT,Tm2F
P311A,0.09874,-0.21736
P311C,0.16565,-0.10682
P311E,0.11664,-0.23805
P311D,0.22971,-0.034348
P311G,0.28966,-0.17019
P311F,0.2689,-0.17506
P311I,0.22895,-0.057209
P311H,0.31507,-0.01859
P311K,0.22821,0.0044279
P311M,0.20375,0.045197
P311L,0.22526,-0.048345
P311N,0.26434,-0.080427
P311Q,0.28838,0.0193
P311P,0.069078,-0.062044
P311S,0.10689,-0.19196
P311R,0.24514,0.075008
P311T,0.2189,-0.064333
P311W,0.31455,0.064369
P311V,0.11812,-0.074629
P311Y,0.33424,-0.03784
R312A,-0.0045252,-0.48177
R312C,-0.0096054,-0.32464
R312E,0.012491,-0.64665
R312D,-0.016275,-0.46062
R312G,-0.027163,-0.36558
R312F,-0.23678,-0.52442
R312I,-0.17385,-0.38596
R312H,0.16932,-0.28628
R312K,0.083052,-0.32974
R312M,0.016991,-0.38854
R312L,-0.21012,-0.6532
R312N,0.17038,-0.37378
R312Q,0.13872,-0.4037
R312P,-0.19523,-1.0755
R312S,0.04329,-0.32687
R312R,0.15124,-0.059597
R312T,0.028758,-0.43488
R312W,-0.28577,-0.72363
R312V,0.025614,-0.47094
R312Y,0.0058634,-0.41461
R313A,0.10934,-0.088911
R313C,0.13322,-0.16234
R313E,0.099636,-0.19798
R313D,0.030333,-0.1653
R313G,0.15797,-0.085799
R313F,0.0076501,0.010316
R313I,-0.056989,-0.18481
R313H,0.077919,-0.076216
R313K,0.12034,-0.24976
R313M,-0.018935,-0.1883
R313L,0.045361,-0.19873
R313N,0.039848,-0.050833
R313Q,0.089222,-0.18056
R313P,0.07467,-0.10652
R313S,0.05626,-0.12338
R313R,0.16972,-0.064957
R313T,0.10832,-0.17427
R313W,0.082928,-0.011335
R313V,0.11577,-0.089214
R313Y,0.078628,-0.056841
I314A,0.17559,-0.082792
I314C,0.15374,-0.11325
I314E,0.068649,-0.30176
I314D,0.096339,-0.091162
I314G,0.14923,-0.18248
I314F,0.23256,-0.20046
I314I,-0.12922,-0.013775
I314H,0.14568,-0.34656
I314K,-0.084431,-0.5596
I314M,0.15696,-0.20477
I314L,0.099098,-0.13556
I314N,0.17946,-0.072764
I314Q,-0.035189,-0.28159
I314P,-0.18601,-0.37587
I314S,0.13011,-0.19019
I314R,0.036926,-0.52082
I314T,0.16397,-0.1065
I314W,-0.43418,-0.67932
I314V,0.15419,-0.097711
I314Y,0.1692,-0.39642
V315A,0.14394,-0.036037
V315C,0.16657,-3.70E-05
V315E,0.072821,-0.1297
V315D,0.096365,-0.16875
V315G,0.15748,-0.049076
V315F,0.24372,0.060378
V315I,0.09034,-0.10259
V315H,0.13368,0.0092304
V315K,0.10258,-0.024216
V315M,0.041665,0.0011882
V315L,0.13773,-0.060571
V315N,0.15369,-0.12389
V315Q,0.16953,-0.027362
V315P,0.12352,-0.083966
V315S,0.17391,-0.050444
V315R,0.2346,0.080749
V315T,0.13288,0.017153
V315W,0.13509,0.058249
V315V,0.17582,-0.041638
V315Y,0.17314,-0.078016
I316A,0.16139,-0.013247
I316C,0.13083,-0.086227
I316E,-0.13218,-0.10808
I316D,-0.49455,-0.89128
I316G,0.016369,-0.22469
I316F,0.1176,-0.20719
I316I,-0.12922,-0.013775
I316H,-0.45405,-0.9344
I316K,-0.47626,-0.99072
I316M,0.17029,-0.10475
I316L,0.22534,0.082151
I316N,0.014514,-0.57
I316Q,0.17591,-0.11029
I316P,-0.34175,-0.68147
I316S,0.10935,-0.16144
I316R,-0.40361,-0.92029
I316T,0.12091,-0.29782
I316W,-0.84069,-0.96762
I316V,0.068557,-0.1407
I316Y,-0.40349,-0.88178
H317A,0.089051,-0.019609
H317C,0.25642,0.057893
H317E,0.05012,-0.09463
H317D,0.15086,-0.17479
H317G,0.15733,-0.0050298
H317F,0.15855,-0.17702
H317I,0.19131,-0.044499
H317H,0.14963,-0.081029
H317K,0.2888,0.094138
H317M,0.28602,-0.083679
H317L,0.23654,-0.055822
H317N,0.10288,-0.030756
H317Q,0.11708,0.053442
H317P,0.04949,-0.10703
H317S,0.10927,-0.018691
H317R,0.23485,0.043783
H317T,0.04626,-0.031249
H317W,0.26118,-0.012903
H317V,0.12578,-0.0234
H317Y,0.15886,-0.0040758
R318A,-0.13465,-0.71848
R318C,-0.14907,-0.98922
R318E,-0.31382,-0.92432
R318D,-0.31008,-0.89363
R318G,-0.097655,-0.78004
R318F,-0.25092,-0.6302
R318I,-0.16463,-0.70417
R318H,-0.13098,-0.74791
R318K,0.12253,-0.11205
R318M,-0.079015,-0.56262
R318L,-0.26569,-0.86555
R318N,-0.27564,-1.1126
R318Q,-0.13793,-0.61395
R318P,-0.0502,-0.60491
R318S,-0.11793,-0.75468
R318R,0.12856,-0.029546
R318T,-0.086657,-0.7722
R318W,-0.29546,-0.7552
R318V,-0.16973,-0.8453
R318Y,-0.17726,-0.58452
G319A,0.074709,-0.28167
G319C,0.031749,-0.25266
G319E,0.098914,-0.35902
G319D,-0.06413,-0.44246
G319G,0.11286,-0.056128
G319F,0.10554,-0.29827
G319I,-0.047082,-0.36035
G319H,0.021438,-0.38819
G319K,0.063134,-0.41512
G319M,0.084267,-0.43105
G319L,0.02215,-0.36523
G319N,0.11533,-0.38924
G319Q,0.075665,-0.35265
G319P,0.040463,-0.27895
G319S,0.10346,-0.22444
G319R,0.053143,-0.28483
G319T,0.035786,-0.46562
G319W,0.081249,-0.30386
G319V,0.022009,-0.41922
G319Y,0.026041,-0.33279
S320A,0.10726,-0.018004
S320C,0.14439,-0.08081
S320E,0.16472,-0.10186
S320D,0.10149,-0.062334
S320G,0.12728,-0.086383
S320F,0.020641,-0.086595
S320I,0.11589,-0.039108
S320H,0.063397,0.035034
S320K,0.093117,0.049449
S320M,0.14701,0.014468
S320L,0.09497,-0.054814
S320N,0.085677,-0.16729
S320Q,0.052528,0.060271
S320P,0.10647,0.02224
S320S,0.16195,-0.073464
S320R,0.11348,-0.11842
S320T,0.14521,-0.056115
S320W,0.073072,-0.044214
S320V,0.1327,-0.11775
S320Y,0.047296,-0.092839
T321A,0.13572,0.091473
T321C,0.14335,0.087874
T321E,0.096972,-0.025625
T321D,0.16214,-0.00074456
T321G,0.14266,0.0021175
T321F,0.020652,-0.025128
T321I,0.12975,-0.018278
T321H,0.14338,0.19632
T321K,0.076605,0.087698
T321M,0.14306,-0.0062178
T321L,0.10514,-0.056463
T321N,0.19642,0.1357
T321Q,0.20024,0.041568
T321P,0.10882,0.038578
T321S,0.12619,0.089066
T321R,0.10109,0.084407
T321T,0.13207,-0.0089307
T321W,0.056984,0.10148
T321V,0.11901,0.070873
T321Y,0.12286,0.18144
G322A,0.087744,0.5334
G322C,0.045469,0.4284
G322E,-0.014432,-0.01056
G322D,-0.086406,-0.070416
G322G,0.1424,-0.017499
G322F,-0.21359,0.63333
G322I,-0.02714,0.65819
G322H,-0.018261,0.52998
G322K,0.0059776,0.78173
G322M,-0.16722,0.78297
G322L,-0.10904,0.79299
G322N,0.045447,0.54594
G322Q,0.022251,0.51958
G322P,0.084518,0.31949
G322S,0.10343,0.27841
G322R,-0.050415,0.73399
G322T,0.077146,0.43006
G322W,-0.13039,0.34917
G322V,-0.019031,0.71648
G322Y,-0.14818,0.72537
L323A,-0.25676,-0.77327
L323C,-0.056368,-0.54298
L323E,-1.5134,-0.96528
L323D,-1.4846,-1.1775
L323G,-1.0526,-1.0916
L323F,-0.014446,-0.19134
L323I,-0.33119,-0.88276
L323H,-0.95967,-1.0469
L323K,-1.52,-0.99184
L323M,0.10679,-0.26805
L323L,0.08976,-0.031677
L323N,-0.39247,-0.90206
L323Q,-0.96935,-1.059
L323P,-1.2278,-0.83047
L323S,-0.25209,-0.95329
L323R,-1.2471,-1.1161
L323T,-0.56131,-0.81158
L323W,0.04598,0.022275
L323V,-0.55422,-1.0362
L323Y,0.0020839,-0.21096
G324A,-0.23188,-0.63773
G324C,-0.17064,-0.53243
G324E,-0.44911,-0.77081
G324D,-0.45867,-0.85077
G324G,0.11603,-0.061386
G324F,-1.2532,-0.83634
G324I,-0.12922,-1.1598
G324H,-0.80209,-0.90538
G324K,-0.58246,-1.1147
G324M,-0.55829,-0.91059
G324L,-1.1477,-0.93676
G324N,-0.29212,-0.74772
G324Q,-0.44299,-0.76782
G324P,-1.5591,-1.0428
G324S,-0.52734,-0.8823
G324R,-0.92586,-0.92205
G324T,-1.3182,-1.1054
G324W,-1.281,-1.1595
G324V,-1.3656,-1.0647
G324Y,-1.2059,-0.93545
F325A,-0.032796,0.10651
F325C,0.060888,0.28552
F325E,-1.4888,-1.0003
F325D,-1.8809,-1.1317
F325G,-0.20838,-0.13597
F325F,-0.12922,-0.013775
F325I,-0.14219,-0.46152
F325H,-0.49198,-1.0208
F325K,-0.75108,-1.073
F325M,0.11067,0.44864
F325L,-0.12218,-0.19027
F325N,-0.75344,-1.0737
F325Q,-0.94656,-1.301
F325P,-1.6063,-1.0844
F325S,-0.34254,-0.50249
F325R,-1.5792,-1.1098
F325T,-0.19904,-0.41754
F325W,-0.31718,-0.8757
F325V,-0.13666,-0.36645
F325Y,-0.059637,-0.14672
N326A,0.049814,-0.44888
N326C,0.090672,0.1891
N326E,-0.88448,-0.95398
N326D,-0.12354,-0.535
N326G,-0.11727,-0.65713
N326F,-0.097269,-0.40176
N326I,0.046841,0.35777
N326H,-0.14619,-0.7273
N326K,0.047035,-0.43672
N326M,0.14106,0.035684
N326L,-0.1436,-0.67771
N326N,-0.12922,-0.013775
N326Q,-0.15071,-0.84913
N326P,-1.2039,-1.0536
N326S,0.070189,-0.074679
N326R,0.016087,-0.46743
N326T,0.11131,0.31563
N326W,0.07268,0.3182
N326V,0.13298,0.48133
N326Y,-0.0026603,-0.19621
I327A,-1.5385,0.54426
I327C,-1.4619,0.65702
I327E,-1.3878,-0.98435
I327D,-1.4543,-1.0848
I327G,-1.4788,0.81558
I327F,-0.24916,-0.50965
I327I,0.0034566,-0.098789
I327H,-1.6521,-1.055
I327K,-0.12922,-0.93152
I327M,-0.42507,-0.67449
I327L,-0.45078,-0.15051
I327N,-1.4323,-1.144
I327Q,-1.517,-1.0094
I327P,-1.5801,-1.072
I327S,-1.5202,-0.9656
I327R,-1.4906,-1.0017
I327T,-1.5163,-0.88542
I327W,-1.4062,-0.9885
I327V,-0.3113,-0.085652
I327Y,-0.47986,-0.81133
V328A,-0.26331,-0.61341
V328C,-0.12091,-0.36022
V328E,-0.79157,-0.8845
V328D,-1.5846,-0.94018
V328G,-0.60042,-0.62026
V328F,-0.27394,0.3946
V328I,0.099704,0.30607
V328H,-0.37602,-0.23739
V328K,-0.15147,-0.7823
V328M,0.092222,0.13855
V328L,-0.10168,0.30869
V328N,-1.0911,-0.86671
V328Q,-0.083702,-0.73218
V328P,-1.5234,0.074318
V328S,-0.31807,-0.75697
V328R,-0.10809,-0.74031
V328T,-0.19285,-0.47894
V328W,-0.59661,-0.35223
V328V,0.075562,-0.05484
V328Y,-0.46278,-0.034405
G329A,-1.3616,-0.49908
G329C,-1.2826,0.10614
G329E,-1.458,-0.6806
G329D,-0.85215,-0.53108
G329G,0.065648,-0.030593
G329F,-1.2315,0.38313
G329I,-0.12922,0.43421
G329H,-1.3144,-0.091858
G329K,-1.6676,-0.31776
G329M,-1.197,0.27351
G329L,-1.7068,-0.036519
G329N,-1.0481,-0.34982
G329Q,-1.3633,-0.26614
G329P,-1.4917,-0.53047
G329S,-0.11314,-0.18597
G329R,-1.417,-0.39237
G329T,-0.48253,-0.37156
G329W,-0.96688,0.44114
G329V,-1.515,0.15366
G329Y,-1.5,0.27222
G330A,-0.69064,0.56808
G330C,-0.45402,0.7769
G330E,-0.19134,0.6943
G330D,-0.31766,0.62581
G330G,0.094727,0.011815
G330F,-0.95714,-0.27687
G330I,-1.2924,-0.47047
G330H,-0.82772,0.43366
G330K,-1.0998,0.009686
G330M,-1.1689,0.10233
G330L,-1.107,-0.15003
G330N,-0.63683,0.63941
G330Q,-0.67335,0.32456
G330P,-0.15136,-0.29718
G330S,-0.59307,0.75115
G330R,-0.96238,0.13076
G330T,-0.55214,0.88297
G330W,-0.76024,0.33146
G330V,-1.1805,0.17997
G330Y,-1.0553,0.098609
E331A,-0.22196,-0.19536
E331C,-0.1781,-0.13838
E331E,-0.12922,-0.013775
E331D,0.032399,0.037038
E331G,-0.1441,-0.43058
E331F,0.0025929,-0.49051
E331I,0.025467,-0.18269
E331H,-0.085474,-0.55971
E331K,-0.52998,-0.49431
E331M,-0.065469,-0.11189
E331L,-0.14307,-0.26499
E331N,-0.059909,-0.19856
E331Q,-0.035652,-0.27597
E331P,-1.2269,-0.13576
E331S,-0.13178,-0.12159
E331R,-0.4573,-0.61383
E331T,-0.064529,-0.010087
E331W,-0.025441,-0.42179
E331V,-0.07889,-0.19286
E331Y,-0.029748,-0.37331
D332A,-0.12458,0.19496
D332C,0.028035,0.096352
D332E,-0.033063,0.091656
D332D,0.055206,-0.017201
D332G,-0.037339,0.39144
D332F,0.067161,-0.13912
D332I,-0.047568,0.12995
D332H,0.062933,-0.028844
D332K,-0.0058739,-0.10601
D332M,-0.054261,0.11441
D332L,0.048325,0.046274
D332N,0.053168,-0.16073
D332Q,-0.063744,0.064686
D332P,-0.60387,0.23821
D332S,-0.058731,0.12338
D332R,-0.0095601,-0.01187
D332T,0.033396,0.066971
D332W,0.15687,0.037312
D332V,-0.1029,0.12249
D332Y,0.083311,-0.070941
G333A,-0.014021,0.061026
G333C,0.13981,0.020049
G333E,0.11359,-0.14737
G333D,0.066096,-0.16463
G333G,0.082863,-0.027113
G333F,0.092658,0.063617
G333I,0.09938,0.55713
G333H,0.12391,-0.011805
G333K,0.1336,-0.10583
G333M,0.12191,0.020063
G333L,0.026824,0.55028
G333N,0.11281,-0.16454
G333Q,0.19395,-0.053711
G333P,-0.15237,0.57752
G333S,0.12495,-0.022031
G333R,0.162,-0.055327
G333T,0.081788,-0.046245
G333W,0.029191,-0.068842
G333V,0.10474,0.38467
G333Y,0.02382,-0.19767
E334A,0.11802,-0.28156
E334C,0.15858,-0.19454
E334E,0.046861,-0.032141
E334D,0.13447,0.24056
E334G,0.068668,0.07964
E334F,0.29835,-0.34933
E334I,0.18239,-0.14238
E334H,0.1253,-0.27453
E334K,0.081695,-0.31735
E334M,0.14604,-0.53363
E334L,0.1418,0.025464
E334N,0.062764,-0.23481
E334Q,0.10105,-0.27298
E334P,0.10275,0.18948
E334S,0.15026,-0.0076833
E334R,0.112,-0.37766
E334T,0.15978,-0.017356
E334W,0.21203,-0.28732
E334V,0.20483,-0.37062
E334Y,0.19515,-0.24523
G335A,0.17853,-0.31637
G335C,0.213,-0.4502
G335E,0.12881,-0.22853
G335D,0.048455,-0.37008
G335G,0.13407,-0.04514
G335F,0.041715,-0.033119
G335I,0.0049805,-0.60178
G335H,0.17825,-0.40555
G335K,0.14114,-0.48788
G335M,0.076046,-0.40607
G335L,0.094678,-0.47999
G335N,0.11208,-0.36342
G335Q,0.068587,-0.35575
G335P,0.28426,-0.51404
G335S,0.13151,-0.38979
G335R,0.17922,-0.40991
G335T,0.037031,-0.17591
G335W,0.030443,-0.25157
G335V,0.1637,-0.48444
G335Y,0.047557,-0.18917
I336A,-0.7987,0.4011
I336C,-0.18983,0.1269
I336E,-0.35862,0.34401
I336D,-0.45594,0.23121
I336G,-0.98645,0.5337
I336F,-0.74344,0.18088
I336I,-0.12922,-0.013775
I336H,-0.28311,-0.14259
I336K,-0.38216,0.59015
I336M,-0.13629,-0.017844
I336L,-0.15027,-0.4328
I336N,-0.26446,0.22045
I336Q,-0.042168,-0.38666
I336P,-0.1186,0.52209
I336S,-0.49029,0.60287
I336R,-0.8815,0.55748
I336T,-0.10262,0.51553
I336W,-1.5153,0.26424
I336V,0.042717,0.11955
I336Y,-0.12922,0.39417
F337A,-0.22473,-0.33354
F337C,-0.16466,-0.34131
F337E,-0.5209,-0.94397
F337D,-0.33166,-0.8479
F337G,-0.13241,-0.53152
F337F,-0.12922,-0.013775
F337I,-0.1013,-0.34077
F337H,0.059844,-0.24163
F337K,-0.11799,-0.75334
F337M,0.083419,-0.1145
F337L,0.013863,-0.14095
F337N,-0.22008,-0.81945
F337Q,-0.29266,-0.51245
F337P,-1.31,-0.8813
F337S,-0.10759,-0.47209
F337R,-0.12663,-0.61359
F337T,-0.23909,-0.52676
F337W,0.023547,-0.046312
F337V,-0.2122,-0.42212
F337Y,0.15033,-0.11164
I338A,0.095079,0.032173
I338C,0.14675,0.38637
I338E,-1.5413,-0.7868
I338D,-0.89512,-0.96402
I338G,-0.098316,-0.55506
I338F,-0.39586,-0.627
I338I,-0.12922,-0.013775
I338H,-1.6926,-0.99144
I338K,-0.12922,-0.89229
I338M,0.020445,-0.41447
I338L,0.1147,-0.27803
I338N,-0.06924,-0.27226
I338Q,-0.7869,-1.0023
I338P,-0.67808,-1.0164
I338S,0.18614,-0.020766
I338R,-1.3133,-1.011
I338T,0.17236,0.17361
I338W,-1.7429,-1.0404
I338V,0.19596,0.19069
I338Y,-0.12922,-0.98954
S339A,0.052855,0.14146
S339C,-0.067435,-0.28286
S339E,-0.2942,-0.64602
S339D,-0.26639,-0.79776
S339G,-0.11409,-0.67817
S339F,-0.13448,-0.23565
S339I,-0.038887,0.19045
S339H,-0.032991,-0.2701
S339K,-0.14504,-0.57349
S339M,-0.10325,-0.31357
S339L,-0.23145,-0.21721
S339N,-0.31767,-0.49892
S339Q,-0.15078,-0.39987
S339P,-0.19235,0.12534
S339S,0.060469,0.12427
S339R,-0.15055,-0.43864
S339T,-0.10652,0.32521
S339W,-0.46207,-0.51228
S339V,-0.12097,0.40207
S339Y,-0.15658,-0.41376
F340A,0.03805,-0.12324
F340C,-0.082265,-0.24045
F340E,-0.21173,-0.67298
F340D,-0.13731,-0.40269
F340G,0.051315,0.22525
F340F,-0.12922,-0.013775
F340I,-0.22786,-0.66195
F340H,0.036923,-0.12828
F340K,-0.071118,-0.043742
F340M,-0.030967,-0.057532
F340L,-0.0052591,-0.027369
F340N,-0.1253,-0.57672
F340Q,0.0096463,-0.41076
F340P,-1.5107,-0.91399
F340S,0.011626,0.044154
F340R,-0.08202,-0.45686
F340T,-0.094298,-0.41138
F340W,0.026546,-0.18894
F340V,-0.078421,-0.54466
F340Y,0.032147,0.010556
I341A,-0.64367,-0.89626
I341C,-0.09291,-0.40047
I341E,-1.3467,-1.0352
I341D,-1.4658,-0.95972
I341G,-1.2379,-1.0541
I341F,-0.0066499,-0.11712
I341I,-0.12922,-0.013775
I341H,-0.93964,-1.0137
I341K,-0.30332,-0.62564
I341M,0.015304,-0.087736
I341L,0.051302,0.090939
I341N,-0.63527,-0.99366
I341Q,-0.32881,-0.71364
I341P,-1.0869,-0.93126
I341S,-0.73762,-1.0282
I341R,-0.50564,-0.85721
I341T,-0.24891,-0.4224
I341W,-0.90732,-0.98463
I341V,-0.014085,-0.04662
I341Y,-0.67161,-0.90426
L342A,0.043923,0.02926
L342C,-0.027682,-0.11871
L342E,-0.27256,-0.43532
L342D,-0.21607,-0.7216
L342G,-0.096011,-0.314
L342F,0.081348,-0.3198
L342I,0.071491,-0.31528
L342H,0.042483,-0.15667
L342K,0.16576,0.2728
L342M,0.093889,-0.11067
L342L,0.050253,0.13516
L342N,-0.13638,-0.41809
L342Q,-0.078191,-0.15859
L342P,-0.028606,-0.086161
L342S,-0.0093181,-0.17596
L342R,0.024383,0.28117
L342T,-0.070774,-0.327
L342W,-0.22225,-0.27906
L342V,0.0016696,-0.10825
L342Y,-0.071074,-0.33477
A343A,0.052396,0.093869
A343C,0.02652,0.087189
A343E,0.084897,0.10415
A343D,0.069296,0.044386
A343G,0.083095,0.20119
A343F,0.0051994,0.019623
A343I,-0.026923,0.14117
A343H,0.053741,0.15844
A343K,-0.00067925,-0.0035734
A343M,0.016888,0.072224
A343L,0.061091,0.096485
A343N,-0.021511,0.060747
A343Q,-0.0047959,0.11645
A343P,0.092922,0.25698
A343S,0.051913,0.13547
A343R,-0.23685,-0.68521
A343T,0.05102,0.11834
A343W,0.018479,0.024346
A343V,0.047056,0.082293
A343Y,0.11343,0.011764
G344A,0.048486,-0.02114
G344C,0.11665,0.12969
G344E,-0.022659,-0.016672
G344D,0.033127,0.049253
G344G,0.11248,0.10702
G344F,0.079252,0.056203
G344I,-0.33708,-0.7451
G344H,0.029794,-0.0046054
G344K,0.050347,0.048002
G344M,-0.054339,0.077463
G344L,0.10629,0.082144
G344N,-0.023899,0.10745
G344Q,0.067535,0.081133
G344P,-0.48126,-0.80028
G344S,0.018274,-0.012386
G344R,0.21074,0.13861
G344T,-0.12687,-0.20958
G344W,0.031353,-0.024063
G344V,-0.27378,-0.52774
G344Y,0.057698,0.11301
G345A,0.028215,0.081882
G345C,-0.16918,-0.57433
G345E,-0.21881,-0.51821
G345D,-0.2238,-0.65618
G345G,0.065322,0.1168
G345F,-0.070967,-0.35005
G345I,-0.84916,-0.94622
G345H,-0.076878,-0.17846
G345K,-0.10768,-0.16036
G345M,-0.029544,-0.2228
G345L,-0.087233,-0.18949
G345N,-0.3268,-0.67618
G345Q,-0.0075533,-0.31777
G345P,-0.91957,-0.97789
G345S,-0.023848,-0.23912
G345R,-0.1854,-0.34428
G345T,-0.067684,-0.29718
G345W,-0.23231,-0.3665
G345V,-0.71637,-0.88827
G345Y,-0.1399,-0.41078
P346A,0.093252,0.089261
P346C,0.052343,-0.17918
P346E,-0.11501,-0.31566
P346D,-0.45241,-0.74627
P346G,0.0015208,-0.29297
P346F,-0.23285,-0.52582
P346I,-0.094876,-0.20959
P346H,-0.043347,-0.19799
P346K,0.00069959,0.071851
P346M,0.0030972,0.16191
P346L,-0.14487,-0.31157
P346N,0.062323,-0.025157
P346Q,0.010739,0.13465
P346P,0.064585,0.09784
P346S,0.082825,0.087273
P346R,-0.0096713,0.13354
P346T,-0.10019,-0.3677
P346W,-0.48525,-0.72046
P346V,-0.032154,-0.16074
P346Y,-0.23572,-0.50892
A347A,0.069266,0.097124
A347C,-0.055291,-0.27886
A347E,-1.0828,-0.83715
A347D,-1.049,-0.82942
A347G,-0.14443,-0.25122
A347F,-1.4208,-1.224
A347I,-0.52499,-0.92415
A347H,-1.0979,-1.0212
A347K,-0.88449,-1.1559
A347M,-0.93,-0.77171
A347L,-0.79069,-0.83672
A347N,-0.75857,-0.8072
A347Q,-0.71884,-0.89366
A347P,-0.95336,-0.88602
A347S,-0.03779,-0.2676
A347R,-0.92187,-0.92265
A347T,0.020187,0.10737
A347W,-1.1962,-0.88044
A347V,-0.13958,-0.42413
A347Y,-1.0967,-0.86695
D348A,-0.0046259,-0.00055394
D348C,-0.11942,-0.32943
D348E,-0.034985,-0.071222
D348D,-0.12922,-0.013775
D348G,0.020324,0.034559
D348F,-0.10158,-0.11447
D348I,-0.51258,-0.79425
D348H,0.010281,-0.038472
D348K,-0.2801,-0.76595
D348M,-0.11469,-0.33451
D348L,-0.38398,-0.74929
D348N,-0.13388,-0.11073
D348Q,0.009321,-0.10186
D348P,-0.85098,-0.87779
D348S,0.041732,-0.020926
D348R,-0.41262,-0.80778
D348T,-0.44021,-0.78066
D348W,0.029652,0.050317
D348V,-0.52382,-0.78791
D348Y,-0.3587,-0.59121
L349A,0.020332,0.0048958
L349C,0.028216,0.0069136
L349E,0.046978,0.0036071
L349D,0.055711,-0.00069262
L349G,-0.066619,-0.30364
L349F,0.010228,-0.039515
L349I,0.089179,0.11495
L349H,0.02059,-0.011854
L349K,0.036529,0.036739
L349M,0.0018524,0.049705
L349L,0.059136,0.12674
L349N,0.068854,-0.044653
L349Q,-0.0015479,0.064649
L349P,-0.61275,-0.75938
L349S,-0.0041761,-0.01808
L349R,-0.020843,0.061075
L349T,0.016682,-0.033879
L349W,0.0017686,-0.08141
L349V,0.017145,0.027369
L349Y,0.022704,-0.044493
S350A,0.072407,-0.015621
S350C,0.061008,0.090634
S350E,0.077306,-0.0098713
S350D,0.014127,0.019121
S350G,0.077237,0.072344
S350F,-0.076998,-0.42861
S350I,-0.015891,0.11156
S350H,0.097391,0.065678
S350K,-0.0034307,-0.18139
S350M,0.039738,-0.083567
S350L,0.015749,0.033537
S350N,0.081236,0.1523
S350Q,0.051501,0.22456
S350P,-0.10357,-0.47501
S350S,0.018331,0.10645
S350R,0.00093083,-0.19394
S350T,0.08711,0.16202
S350W,-0.13312,-0.47901
S350V,0.066527,0.20671
S350Y,-0.087933,-0.27335
G351A,0.010455,0.038865
G351C,0.05639,-0.0064629
G351E,0.018137,-0.046322
G351D,-0.066222,0.013733
G351G,0.045807,0.14128
G351F,-0.080577,-0.28387
G351I,-0.40313,-0.66147
G351H,-0.0052937,-0.039691
G351K,0.046278,0.061927
G351M,-0.0035163,0.013991
G351L,-0.052056,-0.25122
G351N,0.032699,0.017758
G351Q,0.031134,0.053684
G351P,-0.26823,-0.60561
G351S,0.080175,0.0077141
G351R,0.0079274,0.007704
G351T,0.056846,0.018736
G351W,-0.22591,-0.37679
G351V,-0.18622,-0.44517
G351Y,-0.15649,-0.36374
E352A,0.05554,0.012401
E352C,0.024865,0.006645
E352E,-0.12922,-0.013775
E352D,0.044808,0.022782
E352G,0.030831,-0.17917
E352F,-0.0022033,0.068221
E352I,-0.14898,-0.25437
E352H,0.049754,0.086282
E352K,0.14506,0.18824
E352M,0.12384,0.14983
E352L,0.088649,0.11963
E352N,0.12152,0.032102
E352Q,0.12939,0.15581
E352P,-0.23064,-0.5691
E352S,0.059178,0.001974
E352R,0.16698,0.14762
E352T,0.044801,-0.10187
E352W,-0.033616,-0.13262
E352V,-0.019508,-0.1898
E352Y,0.029839,-0.025001
L353A,0.103,0.11005
L353C,0.12302,0.10762
L353E,-1.3132,-1.0879
L353D,-1.2519,-1.0086
L353G,-0.17512,-0.044556
L353F,0.10139,0.37411
L353I,-0.030626,-0.034758
L353H,-0.30128,-0.47327
L353K,-0.69365,-1.0398
L353M,0.022652,-0.024885
L353L,0.047569,0.14508
L353N,-0.36819,-0.18667
L353Q,-0.30365,-0.49006
L353P,0.046111,0.056202
L353S,-0.050414,0.033144
L353R,-1.224,-1.0801
L353T,0.006233,0.016706
L353W,-0.3365,-0.27945
L353V,0.016563,0.11531
L353Y,-0.30987,-0.52483
R354A,0.041212,0.15317
R354C,0.058997,0.13323
R354E,0.09453,0.1626
R354D,0.092952,0.26007
R354G,0.079727,0.22786
R354F,0.0099764,0.055508
R354I,0.087286,0.26304
R354H,0.047202,0.11554
R354K,0.074514,0.16619
R354M,0.043269,0.17655
R354L,0.073672,0.1775
R354N,0.083841,0.14867
R354Q,0.098311,0.19416
R354P,-1.0767,-0.96391
R354S,0.075981,0.13849
R354R,0.084396,0.13487
R354T,0.050257,0.21777
R354W,-0.10003,0.033736
R354V,0.041015,0.12043
R354Y,-0.014034,0.16449
K355A,0.053711,0.078018
K355C,0.06233,0.1306
K355E,0.043565,0.22262
K355D,-0.024791,0.15319
K355G,0.04403,0.026934
K355F,0.068283,0.12091
K355I,0.053723,0.15105
K355H,0.017741,-0.038445
K355K,-0.12922,-0.013775
K355M,0.041101,0.11486
K355L,0.0087456,0.062601
K355N,0.060723,0.022767
K355Q,0.022931,0.081854
K355P,0.059574,0.17147
K355S,0.041437,-0.017382
K355R,0.021078,0.10582
K355T,0.061228,0.13145
K355W,-0.028761,0.20799
K355V,0.087308,0.2388
K355Y,-0.12573,0.045063
G356A,0.072455,0.18287
G356C,0.13013,0.3278
G356E,-0.10626,0.23628
G356D,-0.33221,-0.45406
G356G,0.070302,0.13721
G356F,0.034771,0.28751
G356I,-0.4348,-0.72258
G356H,-0.032702,0.21845
G356K,-0.022645,0.19829
G356M,0.10876,0.20191
G356L,-0.3972,-0.16528
G356N,-0.12372,0.029266
G356Q,-0.010376,0.29137
G356P,-0.62344,-0.84017
G356S,0.03623,0.15918
G356R,-0.019923,0.19674
G356T,-0.069116,0.17623
G356W,0.055953,-0.094553
G356V,-0.35345,-0.13638
G356Y,0.049795,0.2587
D357A,-0.030791,-0.26254
D357C,0.065938,-0.19365
D357E,-0.081763,-0.12305
D357D,-0.12922,-0.013775
D357G,-0.31117,-0.50398
D357F,-0.03376,-0.17232
D357I,-0.14438,-0.21156
D357H,0.057241,-0.13955
D357K,-0.38589,-0.80021
D357M,0.10656,0.10341
D357L,-0.23494,-0.13396
D357N,-0.15273,-0.19022
D357Q,0.11999,0.18824
D357P,-1.4128,-1.0829
D357S,-0.084672,-0.38805
D357R,-1.1156,-1.0673
D357T,0.023383,-0.28188
D357W,-0.37531,-0.50579
D357V,-0.032418,-0.19132
D357Y,-0.049727,-0.14741
Q358A,0.0049934,0.15196
Q358C,0.090604,0.21692
Q358E,0.058773,0.31814
Q358D,-0.43766,0.69159
Q358G,-0.0020368,0.067957
Q358F,0.04369,0.23632
Q358I,0.008997,0.15765
Q358H,0.072442,0.25536
Q358K,-0.038342,0.0075433
Q358M,0.026434,0.16396
Q358L,0.057224,0.18954
Q358N,0.071662,0.15923
Q358Q,-0.12922,-0.013775
Q358P,-1.1132,-0.64926
Q358S,0.032681,0.16237
Q358R,0.072862,0.16152
Q358T,0.061279,0.16456
Q358W,0.057778,0.019607
Q358V,0.019477,0.15097
Q358Y,0.03326,0.1929
I359A,-0.16004,0.099791
I359C,0.014864,0.2079
I359E,-1.2979,-0.92114
I359D,-1.4515,-0.9803
I359G,-0.69307,-0.90566
I359F,-0.43174,-0.54223
I359I,-0.12922,-0.013775
I359H,-1.5387,-0.87663
I359K,-1.6037,-1.0808
I359M,-0.17345,-0.31805
I359L,-0.010643,0.00054678
I359N,-1.3636,-1.0465
I359Q,-1.2978,-0.96537
I359P,-0.29097,0.12417
I359S,-0.58036,-0.82353
I359R,-1.4872,-1.0342
I359T,-0.36627,0.072747
I359W,-0.12922,-0.061543
I359V,-0.031533,0.094831
I359Y,-1.306,-1.2857
L360A,0.012694,0.0065676
L360C,0.021973,0.087321
L360E,0.036264,-0.008597
L360D,-0.18694,0.040523
L360G,-0.255,-0.074205
L360F,0.011474,0.10559
L360I,0.073917,0.087065
L360H,0.041816,0.048948
L360K,0.11494,0.088313
L360M,0.054576,0.12889
L360L,0.052108,0.10402
L360N,0.062042,0.12004
L360Q,0.035866,0.0098082
L360P,-0.52539,-0.76885
L360S,-0.025861,0.078317
L360R,0.12974,0.085377
L360T,0.017147,0.13068
L360W,0.061404,0.091746
L360V,0.057281,0.082958
L360Y,0.069356,0.1344
S361A,-0.064033,0.12252
S361C,-0.020686,0.18629
S361E,-0.039895,0.15896
S361D,-0.086903,0.054351
S361G,-0.0012371,0.24098
S361F,0.14336,0.22729
S361I,0.13073,0.28979
S361H,0.1201,0.25382
S361K,0.052843,0.070422
S361M,-0.020866,0.19261
S361L,0.1408,0.25763
S361N,0.04958,0.10746
S361Q,0.052534,0.17132
S361P,-1.3789,-0.84902
S361S,0.060332,0.15541
S361R,0.14365,0.23906
S361T,0.035924,0.19336
S361W,0.096293,0.29086
S361V,0.087839,0.24161
S361Y,0.17327,0.3199
V362A,0.060142,0.44653
V362C,0.13142,0.42286
V362E,-0.43818,0.59529
V362D,-1.1976,-0.77605
V362G,-0.26703,0.58751
V362F,-0.31177,-0.36014
V362I,-0.15573,-0.3791
V362H,-0.12922,-0.013775
V362K,-0.48048,-0.427
V362M,-0.088249,-0.24544
V362L,-0.22468,-0.65473
V362N,-0.42116,0.3856
V362Q,-0.25747,0.6176
V362P,-1.2183,-0.95344
V362S,0.036857,0.60942
V362R,-0.56296,-0.40386
V362T,0.039882,0.41029
V362W,-0.88374,0.1933
V362V,0.0045609,0.26978
V362Y,-0.061066,0.48611
N363A,-0.025182,-0.15011
N363C,0.077202,0.057156
N363E,0.13133,0.034843
N363D,-0.034915,-0.33366
N363G,0.04403,-0.019473
N363F,-0.28018,-0.007706
N363I,-0.19782,0.20899
N363H,0.044083,0.17597
N363K,-0.093125,0.06254
N363M,0.063746,0.15824
N363L,-0.080241,0.13065
N363N,0.032393,0.10732
N363Q,0.10942,0.18384
N363P,-0.28903,0.115
N363S,0.027016,-0.018149
N363R,-0.064726,0.0477
N363T,-0.021276,0.020385
N363W,-0.061886,0.14466
N363V,-0.050408,0.14575
N363Y,-0.055329,-0.16107
G364A,0.01323,0.12573
G364C,-0.060531,0.13446
G364E,0.077445,0.13399
G364D,0.013441,0.14284
G364G,0.060218,0.13347
G364F,0.079604,0.40745
G364I,-0.064886,0.065287
G364H,0.12362,0.24434
G364K,-0.02536,0.14938
G364M,0.12511,0.32776
G364L,0.054473,0.20448
G364N,0.052452,0.17636
G364Q,0.043829,0.15159
G364P,-0.33759,-0.11066
G364S,0.006792,0.14603
G364R,0.077186,0.20376
G364T,-0.0011678,0.16357
G364W,0.15141,0.33096
G364V,-0.0087081,0.2072
G364Y,0.1961,0.20059
V365A,0.019983,0.18436
V365C,0.014546,0.1118
V365E,0.033753,0.098353
V365D,-0.041024,0.17662
V365G,0.067277,0.17741
V365F,0.15169,0.23299
V365I,0.12043,0.13298
V365H,0.057146,0.21293
V365K,0.014936,0.28978
V365M,0.088307,0.3417
V365L,0.11073,0.28474
V365N,0.0092789,0.21094
V365Q,0.032637,0.15952
V365P,-0.36363,-0.15159
V365S,0.061865,0.20932
V365R,0.093785,0.30021
V365T,0.073206,0.12388
V365W,0.052396,0.13545
V365V,0.062085,0.19557
V365Y,0.14694,0.29122
D366A,0.068523,-0.036766
D366C,0.042605,0.014234
D366E,-0.008087,-0.17027
D366D,-0.12922,-0.013775
D366G,0.070472,-0.05481
D366F,0.0050665,-0.13049
D366I,-0.027366,-0.015058
D366H,0.082955,-0.035207
D366K,-0.0058134,-0.1947
D366M,-0.036783,-0.15721
D366L,-0.0084108,-0.12834
D366N,0.061543,-0.033908
D366Q,0.057146,-0.072589
D366P,0.052169,-0.066097
D366S,0.147,0.10229
D366R,0.15549,-0.06036
D366T,0.084451,0.054217
D366W,0.035483,-0.027755
D366V,0.060454,-0.06332
D366Y,0.20062,0.010177
L367A,-0.11666,0.028275
L367C,-0.18955,-0.12166
L367E,-0.62781,0.015266
L367D,-0.73266,-0.91407
L367G,-0.48499,-0.11403
L367F,-0.062126,-0.048229
L367I,-0.078475,-0.013216
L367H,-0.093506,0.1814
L367K,-0.45291,0.14112
L367M,-0.13186,0.13975
L367L,-0.018238,-0.026771
L367N,-0.38852,0.08979
L367Q,-0.088079,0.16558
L367P,-0.65713,-0.44534
L367S,-0.21067,0.002541
L367R,-0.4616,0.096935
L367T,-0.11071,-0.17102
L367W,-0.55171,-0.59081
L367V,-0.14139,-0.04174
L367Y,-0.052021,0.28589
R368A,-0.090509,-0.13714
R368C,-0.090578,-0.1361
R368E,-0.056629,-0.18208
R368D,-0.093918,-0.15734
R368G,-0.023097,-0.048702
R368F,-0.073976,-0.3273
R368I,-0.025116,0.028458
R368H,-0.047501,-0.13953
R368K,0.068862,-0.10076
R368M,-0.13573,-0.14275
R368L,-0.050709,-0.082031
R368N,-0.071723,-0.12444
R368Q,-0.048122,-0.086928
R368P,-0.20969,-0.24941
R368S,-0.073392,-0.14618
R368R,0.079791,-0.081378
R368T,-0.067482,-0.12661
R368W,-0.0021875,-0.051889
R368V,-0.076354,-0.036132
R368Y,-0.083478,-0.10594
N369A,-0.046732,-0.058712
N369C,-0.0087621,-0.12284
N369E,-0.085409,-0.1543
N369D,-0.070427,-0.044506
N369G,-0.037561,-0.10342
N369F,0.030517,0.04756
N369I,0.07434,-0.15627
N369H,0.005698,-0.00039231
N369K,0.02883,-0.050963
N369M,-0.010341,0.024839
N369L,-0.014545,0.0093781
N369N,-0.044241,-0.077596
N369Q,-0.029083,-0.033634
N369P,-0.056126,0.1948
N369S,0.025165,-0.026911
N369R,0.0446,-0.0033775
N369T,0.017901,-0.062226
N369W,-0.12026,-0.08771
N369V,-0.0053018,-0.13681
N369Y,-0.11089,0.010846
A370A,0.018059,-0.048533
A370C,0.045617,0.073965
A370E,0.041842,0.13977
A370D,-0.15003,0.26122
A370G,-0.057276,-0.30686
A370F,-0.00096397,0.32427
A370I,0.028694,0.2336
A370H,-0.050425,0.41296
A370K,0.070348,0.18193
A370M,-0.043793,0.27843
A370L,0.018448,0.35287
A370N,-0.061374,0.14048
A370Q,-0.019066,0.22417
A370P,-0.069863,-0.23835
A370S,-0.012579,0.036565
A370R,-0.0014656,0.24995
A370T,-0.026657,0.14868
A370W,-0.076041,0.47497
A370V,-0.029216,0.11605
A370Y,-0.05781,0.38274
S371A,0.021787,0.1886
S371C,0.013029,-0.017743
S371E,0.02293,0.14991
S371D,-0.035139,-0.27912
S371G,-0.019406,0.063984
S371F,0.035817,0.35383
S371I,-0.00084679,0.56193
S371H,0.0077165,0.19995
S371K,0.022287,0.18882
S371M,0.087146,0.33529
S371L,0.061862,0.18664
S371N,-0.051918,-0.18036
S371Q,0.064759,0.2303
S371P,0.066367,0.057673
S371S,0.0035826,-0.02465
S371R,0.059063,0.17027
S371T,-0.016919,-0.017722
S371W,-0.01891,0.6063
S371V,0.048701,0.48184
S371Y,0.020456,0.48224
H372A,-1.3442,0.80918
H372C,-0.97709,0.80111
H372E,-1.3371,-0.50351
H372D,-1.1459,0.69228
H372G,-1.3837,0.8203
H372F,-0.93804,0.039627
H372I,-0.99965,0.78864
H372H,-0.12922,-0.013775
H372K,-1.2933,-0.21488
H372M,-1.5952,0.16407
H372L,-1.0523,0.79013
H372N,-0.8716,0.39549
H372Q,-0.55085,-0.089628
H372P,-1.2962,0.8233
H372S,-1.1586,0.78313
H372R,-1.0809,-0.33016
H372T,-1.0863,0.77058
H372W,-1.6892,-0.52505
H372V,-0.76263,0.79897
H372Y,-0.95013,-0.30962
E373A,-0.23127,-0.58443
E373C,-0.21317,-0.18003
E373E,-0.048901,-0.064718
E373D,-0.0093145,-0.30484
E373G,-0.20298,-0.49075
E373F,-0.40544,0.084162
E373I,-0.28214,0.39023
E373H,-0.23164,-0.16177
E373K,-0.37029,-0.58053
E373M,-0.24564,0.011434
E373L,-0.22334,-0.09847
E373N,-0.11478,-0.21473
E373Q,-0.10117,-0.26468
E373P,-0.47753,-0.82328
E373S,-0.22385,-0.47428
E373R,-0.38038,-0.39415
E373T,-0.20452,-0.090952
E373W,-0.23235,0.51095
E373V,-0.2184,0.24264
E373Y,-0.29308,0.19599
Q374A,0.011212,-0.051909
Q374C,-0.0019062,-0.089684
Q374E,0.067895,-0.063462
Q374D,-0.058411,-0.12448
Q374G,0.0080159,0.09365
Q374F,0.052768,-0.072856
Q374I,-0.16684,-0.16156
Q374H,0.0036286,-0.017666
Q374K,-0.058031,-0.19821
Q374M,-0.0020173,-0.13056
Q374L,0.037635,-0.17096
Q374N,-0.010238,0.073137
Q374Q,-0.12922,-0.013775
Q374P,-0.0014649,0.3254
Q374S,-0.0078868,-0.021713
Q374R,-0.0075957,-0.12138
Q374T,-0.043384,-0.14576
Q374W,-0.0073044,0.11519
Q374V,-0.014632,-0.17912
Q374Y,-0.059387,-0.11808
A375A,-0.037076,-0.052394
A375C,-0.15037,-0.21424
A375E,-0.89598,-0.62844
A375D,-0.48331,-0.68968
A375G,-0.16449,0.26836
A375F,-1.1223,-0.54038
A375I,-0.30609,0.16521
A375H,-0.55872,-0.038966
A375K,-1.3711,-0.40774
A375M,-0.10832,-0.091997
A375L,-0.95549,-0.28225
A375N,-0.67984,0.14045
A375Q,-0.54552,0.15258
A375P,-1.1877,-0.13963
A375S,-0.0352,0.033043
A375R,-1.543,-0.37936
A375T,-0.1977,-0.19226
A375W,-1.1034,-0.97705
A375V,-0.27062,0.16055
A375Y,-0.12922,-1.2006
A376A,0.038137,-0.12334
A376C,-0.30893,-0.55538
A376E,-0.45619,-0.96607
A376D,-1.115,-0.8738
A376G,-0.18418,-0.54057
A376F,-0.26339,0.58978
A376I,-0.21624,-0.61039
A376H,-0.35234,-0.52263
A376K,-0.54971,-0.91787
A376M,-0.92014,-0.67177
A376L,-0.71194,-0.68809
A376N,-0.79715,-0.72476
A376Q,-1.1461,-0.69234
A376P,-0.52388,0.18895
A376S,-0.44728,-0.86384
A376R,-0.52718,-0.43884
A376T,-0.50112,-0.79679
A376W,-0.43619,0.031214
A376V,0.049697,-0.30499
A376Y,-0.075195,0.66869
I377A,0.007359,-0.16838
I377C,-0.063203,-0.13515
I377E,0.047927,-0.1519
I377D,0.00082247,-0.15866
I377G,0.022386,-0.18461
I377F,-0.083037,0.50063
I377I,-0.041178,-0.13288
I377H,0.067298,0.020598
I377K,-0.13939,-0.23947
I377M,-0.020419,-0.28036
I377L,0.014365,-0.2354
I377N,-0.061043,-0.13766
I377Q,-0.027608,-0.24054
I377P,-0.22524,0.050912
I377S,0.036674,-0.16767
I377R,0.0071731,-0.20367
I377T,0.030153,-0.16682
I377W,-0.18356,0.49653
I377V,0.027693,-0.11921
I377Y,0.1216,0.33128
A378A,0.0044786,-0.069778
A378C,0.017785,0.051509
A378E,0.040275,0.011788
A378D,-0.05895,0.097805
A378G,0.031884,-0.044576
A378F,-0.023679,0.33084
A378I,0.058166,0.27242
A378H,0.053464,0.088241
A378K,0.10289,0.27868
A378M,0.0098877,0.20423
A378L,0.057416,0.2567
A378N,0.089121,-0.0072378
A378Q,-0.061122,0.033549
A378P,-0.30324,-0.17348
A378S,0.015746,0.024547
A378R,0.021326,0.22311
A378T,0.060784,0.033112
A378W,0.0086505,0.25931
A378V,-0.0064728,0.060002
A378Y,-0.026928,0.27209
L379A,-0.26231,0.29205
L379C,-0.011693,0.43292
L379E,-1.5057,-1.0881
L379D,-1.2905,-1.1345
L379G,-0.72418,-0.76627
L379F,-0.045056,0.67019
L379I,-0.060996,0.01213
L379H,-0.24134,0.51221
L379K,-1.0861,-0.81339
L379M,-0.14398,-0.12248
L379L,-0.048567,-0.087614
L379N,-0.6484,-0.98317
L379Q,-1.3061,-0.99979
L379P,-1.1481,-0.93935
L379S,-0.51652,-0.2768
L379R,-1.4074,-1.0017
L379T,-0.25617,-0.17733
L379W,-0.97047,0.086244
L379V,-0.16326,-0.037902
L379Y,-0.53717,0.12876
K380A,-0.18523,-0.44572
K380C,-0.01769,0.18469
K380E,-0.32338,-0.64148
K380D,-0.34726,-0.72116
K380G,-0.070106,0.028361
K380F,0.0060523,-0.016783
K380I,-0.0048026,0.36625
K380H,-0.024865,0.11304
K380K,-0.12922,-0.013775
K380M,0.021731,0.24527
K380L,-0.0064595,0.15545
K380N,-0.026397,0.077563
K380Q,-0.070481,-0.082434
K380P,-0.30035,0.035194
K380S,-0.1042,-0.18081
K380R,0.0057528,0.22519
K380T,0.0078744,0.2618
K380W,-0.043455,0.71469
K380V,0.012564,0.19914
K380Y,-0.061022,0.076692
N381A,0.062397,-0.015029
N381C,0.025414,-0.065121
N381E,-0.1314,-0.24902
N381D,-0.034652,-0.35407
N381G,0.034176,0.11412
N381F,0.022814,-0.0065457
N381I,-0.12714,-0.22829
N381H,-0.02208,-0.085611
N381K,0.063972,-0.24869
N381M,-0.045243,-0.35232
N381L,-0.046963,-0.18015
N381N,0.00029186,-0.12824
N381Q,0.0044625,-0.12698
N381P,-0.19564,-0.36826
N381S,0.042073,0.040376
N381R,-0.063243,-0.15484
N381T,-0.005024,0.050612
N381W,-0.081649,-0.21629
N381V,-0.073294,-0.29513
N381Y,-0.13737,-0.026442
A382A,0.013129,-0.055263
A382C,0.059446,0.085752
A382E,-0.0062048,0.16724
A382D,-0.061381,0.095792
A382G,0.027198,0.06856
A382F,-0.16513,0.13677
A382I,-0.092165,-0.19447
A382H,-0.063933,0.060064
A382K,-0.032791,0.03607
A382M,-0.037657,-0.028867
A382L,-0.12768,-0.30377
A382N,-0.014335,0.14533
A382Q,0.10461,0.11039
A382P,-0.074214,0.016364
A382S,0.0528,0.18781
A382R,-0.071848,0.035404
A382T,0.045055,-0.046117
A382W,-0.21008,0.17588
A382V,-0.087925,-0.2693
A382Y,-0.068689,0.18855
G383A,0.030688,-0.24927
G383C,-0.066245,-0.14988
G383E,-0.011524,-0.31672
G383D,-0.038186,-0.13273
G383G,0.031986,-0.10714
G383F,-0.0046329,-0.15762
G383I,-0.015156,-0.16181
G383H,0.041419,-0.25805
G383K,0.029117,-0.42795
G383M,-0.041827,-0.22675
G383L,-0.018379,-0.29412
G383N,-0.067555,-0.27916
G383Q,0.027743,-0.35599
G383P,-0.01963,-0.52233
G383S,0.010273,-0.20282
G383R,-0.042789,-0.33043
G383T,-0.010493,-0.33601
G383W,0.093248,-0.043351
G383V,0.034765,-0.10842
G383Y,-0.029734,-0.16492
Q384A,0.03479,-0.14171
Q384C,-0.011427,-0.11088
Q384E,-0.069296,-0.24616
Q384D,-0.10528,-0.21578
Q384G,0.0031872,-0.15874
Q384F,0.14894,-0.11468
Q384I,0.095277,-0.046454
Q384H,-0.036029,-0.098187
Q384K,0.026648,-0.21539
Q384M,0.0021134,-0.10922
Q384L,0.056785,-0.096436
Q384N,-0.05264,-0.097783
Q384Q,-0.12922,-0.013775
Q384P,0.048781,-0.057181
Q384S,-0.026967,-0.15417
Q384R,0.015472,-0.1691
Q384T,0.012211,-0.16095
Q384W,0.081072,-0.0051309
Q384V,-0.00034317,-0.10341
Q384Y,0.064458,-0.015145
T385A,-0.01498,-0.12763
T385C,0.043927,-0.081752
T385E,-0.087078,-0.23511
T385D,0.017304,-0.13242
T385G,0.019407,-0.12818
T385F,-0.075229,-0.21319
T385I,0.11015,-0.0067419
T385H,0.060401,-0.068107
T385K,0.059099,-0.15803
T385M,0.018712,-0.073154
T385L,0.046577,-0.127
T385N,0.03239,-0.079797
T385Q,0.025669,-0.063544
T385P,0.051762,0.32852
T385S,0.0053453,-0.13979
T385R,0.16251,0.041296
T385T,0.01196,-0.041493
T385W,0.035767,-0.14752
T385V,0.10101,0.014781
T385Y,-0.07201,-0.094651
V386A,0.026759,-0.10173
V386C,-0.042308,-0.070684
V386E,-0.48326,-0.33607
V386D,-0.31836,-0.40653
V386G,-0.024691,-0.40753
V386F,-0.61894,-0.80883
V386I,-0.1622,-0.44629
V386H,-0.047363,-0.36288
V386K,-0.31448,-0.13064
V386M,-0.3442,-0.85433
V386L,-0.24896,-0.72945
V386N,-0.0072648,-0.2364
V386Q,-0.063922,-0.014937
V386P,0.017349,-0.0011931
V386S,0.052637,-0.14877
V386R,-0.4318,-0.91964
V386T,0.010175,-0.066971
V386W,-0.5946,-0.17348
V386V,-0.053391,-0.19676
V386Y,-0.229,-0.67066
T387A,0.058962,0.0051972
T387C,0.072422,-0.040077
T387E,-0.042272,-0.09167
T387D,-0.14417,-0.1782
T387G,0.13023,0.044679
T387F,0.12454,-0.019627
T387I,-0.014164,-0.12978
T387H,0.079895,-0.054478
T387K,0.10653,-0.11908
T387M,0.03321,-0.040466
T387L,0.082396,-0.016795
T387N,0.014632,-0.093851
T387Q,-0.010697,-0.030908
T387P,-0.040762,-0.44125
T387S,0.069941,0.0013673
T387R,0.11451,-0.034388
T387T,0.0046344,-0.059126
T387W,0.056814,0.027295
T387V,0.053314,-0.040097
T387Y,0.033484,-0.17105
I388A,-0.064163,-0.35351
I388C,0.060377,-0.2344
I388E,-1.3756,-1.1974
I388D,-1.4135,-1.1573
I388G,-0.17059,-0.43899
I388F,0.1506,-0.45602
I388I,-0.12922,-0.013775
I388H,-0.34029,-0.33289
I388K,-0.58399,-0.94503
I388M,-0.046625,-0.29059
I388L,0.015431,-0.080162
I388N,-0.46047,-0.95767
I388Q,-0.27386,-0.49553
I388P,-0.7792,-1.0929
I388S,-0.30321,-0.36556
I388R,-1.4402,-1.0509
I388T,-0.16417,-0.22388
I388W,-0.6468,-1.1111
I388V,-0.017427,-0.20883
I388Y,-0.71962,-1.0358
I389A,0.10465,-0.080369
I389C,0.12402,-0.017303
I389E,-0.11524,-0.19782
I389D,-0.080655,-0.28511
I389G,0.064465,-0.085083
I389F,0.056616,-0.099857
I389I,-0.12922,-0.013775
I389H,0.076772,-0.1083
I389K,0.23991,-0.090368
I389M,0.014811,-0.09687
I389L,0.1272,-0.02015
I389N,0.10603,-0.13439
I389Q,0.11359,-0.17826
I389P,-0.77383,-0.99687
I389S,0.11047,-0.15176
I389R,0.20129,-0.061241
I389T,0.1051,-0.044353
I389W,0.035853,-0.18875
I389V,0.050783,-0.05772
I389Y,0.082009,-0.057601
A390A,0.0084255,-0.12745
A390C,0.024447,-0.14596
A390E,-0.38045,-0.84023
A390D,-0.32867,-0.72873
A390G,0.0094383,-0.20087
A390F,-0.035448,-0.4475
A390I,-0.091147,-0.20117
A390H,-0.11091,-0.42445
A390K,-0.018936,-0.55676
A390M,-0.041978,-0.16529
A390L,0.0062325,-0.15478
A390N,-0.021228,0.037959
A390Q,-0.29701,-0.42447
A390P,-0.16749,-0.28245
A390S,0.040002,-0.1059
A390R,-0.010949,-0.34764
A390T,0.055121,-0.16043
A390W,-0.39208,-0.78749
A390V,-0.049155,-0.14958
A390Y,-0.11188,-0.52149
Q391A,-0.02727,-0.17869
Q391C,0.04059,-0.14106
Q391E,0.048101,-0.15063
Q391D,0.040852,-0.094086
Q391G,-0.052506,-0.24348
Q391F,0.13988,-0.060524
Q391I,0.15558,-0.22063
Q391H,0.091463,-0.11945
Q391K,-0.070951,-0.22997
Q391M,0.11081,-0.32187
Q391L,0.05759,-0.21446
Q391N,0.14666,-0.27143
Q391Q,-0.12922,-0.013775
Q391P,-0.69177,-0.96925
Q391S,0.027261,-0.13251
Q391R,0.036459,-0.19544
Q391T,0.021623,-0.23727
Q391W,0.1794,-0.14981
Q391V,-0.029726,-0.1151
Q391Y,0.10589,-0.19107
Y392A,-0.0071301,-0.37109
Y392C,-0.048875,-0.29239
Y392E,0.040559,-0.47517
Y392D,-0.048136,-0.48135
Y392G,-0.1318,-0.75943
Y392F,0.069377,-0.086699
Y392I,-0.15557,-0.55155
Y392H,0.067013,-0.059864
Y392K,-0.045391,-0.58739
Y392M,-0.098401,-0.30375
Y392L,0.0056002,-0.18457
Y392N,0.14034,-0.01148
Y392Q,0.10484,-0.14753
Y392P,-0.15433,-0.82853
Y392S,-0.0034559,-0.4027
Y392R,-0.11183,-0.70766
Y392T,-0.028278,-0.48624
Y392W,0.026847,-0.14995
Y392V,-0.16512,-0.66694
Y392Y,-0.067651,-0.071616
K393A,-0.053376,-0.020694
K393C,-0.010123,-0.025397
K393E,0.025071,-0.09664
K393D,-0.014046,0.071486
K393G,-0.016354,-0.063177
K393F,-0.013008,-0.32398
K393I,-0.113,-0.22024
K393H,-0.02066,-0.045974
K393K,-0.0076966,-0.10097
K393M,-0.043541,-0.13146
K393L,-0.0038422,-0.025104
K393N,0.0098001,0.011519
K393Q,0.036615,-0.080311
K393P,-0.5641,-0.87618
K393S,0.034271,-0.057107
K393R,0.0040505,-0.12341
K393T,0.0027645,-0.097417
K393W,-0.020886,-0.1618
K393V,-0.070006,0.0050442
K393Y,0.041258,-0.10971